기준일자,상품명,당일신규실행건수,당일신규실행금액(억원)
2019-01-01,취업후상환학자금_등록금,0,0
2019-01-01,일반상환학자금_생활비,0,0
2019-01-01,일반상환학자금_등록금,0,0
2019-01-01,취업후상환학자금_생활비,0,0
2019-01-10,일반상환학자금_등록금,1268,70
2019-01-10,일반상환학자금_생활비,500,7
2019-01-10,취업후상환학자금_생활비,39,0
2019-01-10,취업후상환학자금_등록금,4,0
2019-01-11,일반상환학자금_생활비,459,6
2019-01-11,취업후상환학자금_생활비,80,0
2019-01-11,취업후상환학자금_등록금,7,0
2019-01-11,일반상환학자금_등록금,1162,63
2019-01-12,취업후상환학자금_등록금,8,0
2019-01-12,취업후상환학자금_생활비,61,0
2019-01-12,일반상환학자금_생활비,243,3
2019-01-12,일반상환학자금_등록금,555,29
2019-01-13,일반상환학자금_등록금,0,0
2019-01-13,일반상환학자금_생활비,0,0
2019-01-13,취업후상환학자금_등록금,0,0
2019-01-13,취업후상환학자금_생활비,0,0
2019-01-14,일반상환학자금_등록금,0,0
2019-01-14,일반상환학자금_생활비,0,0
2019-01-14,취업후상환학자금_등록금,0,0
2019-01-14,취업후상환학자금_생활비,0,0
2019-01-15,일반상환학자금_등록금,456,21
2019-01-15,일반상환학자금_생활비,258,3
2019-01-15,취업후상환학자금_등록금,11,0
2019-01-15,취업후상환학자금_생활비,84,0
2019-01-16,취업후상환학자금_생활비,95,1
2019-01-16,취업후상환학자금_등록금,6,0
2019-01-16,일반상환학자금_등록금,369,17
2019-01-16,일반상환학자금_생활비,221,3
2019-01-17,취업후상환학자금_등록금,10,0
2019-01-17,취업후상환학자금_생활비,118,1
2019-01-17,일반상환학자금_생활비,233,3
2019-01-17,일반상환학자금_등록금,344,14
2019-01-18,취업후상환학자금_등록금,13,0
2019-01-18,일반상환학자금_생활비,211,2
2019-01-18,일반상환학자금_등록금,341,15
2019-01-18,취업후상환학자금_생활비,154,1
2019-01-19,취업후상환학자금_생활비,223,1
2019-01-19,취업후상환학자금_등록금,21,0
2019-01-19,일반상환학자금_등록금,264,10
2019-01-19,일반상환학자금_생활비,217,2
2019-01-20,일반상환학자금_등록금,0,0
2019-01-20,일반상환학자금_생활비,0,0
2019-01-20,취업후상환학자금_등록금,0,0
2019-01-20,취업후상환학자금_생활비,0,0
2019-01-21,취업후상환학자금_생활비,0,0
2019-01-21,취업후상환학자금_등록금,0,0
2019-01-21,일반상환학자금_생활비,0,0
2019-01-21,일반상환학자금_등록금,0,0
2019-01-22,취업후상환학자금_등록금,48,1
2019-01-22,취업후상환학자금_생활비,335,2
2019-01-22,일반상환학자금_생활비,403,4
2019-01-22,일반상환학자금_등록금,555,21
2019-01-23,취업후상환학자금_등록금,80,3
2019-01-23,일반상환학자금_생활비,340,4
2019-01-23,일반상환학자금_등록금,586,21
2019-01-23,취업후상환학자금_생활비,348,2
2019-01-24,일반상환학자금_생활비,359,4
2019-01-24,취업후상환학자금_등록금,64,2
2019-01-24,취업후상환학자금_생활비,442,2
2019-01-24,일반상환학자금_등록금,620,30
2019-01-25,취업후상환학자금_등록금,89,2
2019-01-25,일반상환학자금_생활비,366,4
2019-01-25,일반상환학자금_등록금,514,21
2019-01-25,취업후상환학자금_생활비,463,3
2019-01-26,일반상환학자금_생활비,983,7
2019-01-26,취업후상환학자금_등록금,108,3
2019-01-26,취업후상환학자금_생활비,5028,25
2019-01-26,일반상환학자금_등록금,516,21
2019-01-27,일반상환학자금_생활비,0,0
2019-01-27,일반상환학자금_등록금,0,0
2019-01-27,취업후상환학자금_등록금,0,0
2019-01-27,취업후상환학자금_생활비,0,0
2019-01-28,일반상환학자금_등록금,0,0
2019-01-28,일반상환학자금_생활비,0,0
2019-01-28,취업후상환학자금_등록금,0,0
2019-01-28,취업후상환학자금_생활비,0,0
2019-01-29,일반상환학자금_등록금,884,35
2019-01-29,일반상환학자금_생활비,1009,9
2019-01-29,취업후상환학자금_등록금,100,3
2019-01-29,취업후상환학자금_생활비,3605,18
2019-01-30,일반상환학자금_등록금,888,36
2019-01-30,일반상환학자금_생활비,753,7
2019-01-30,취업후상환학자금_등록금,109,3
2019-01-30,취업후상환학자금_생활비,2145,11
2019-01-31,일반상환학자금_등록금,7912,301
2019-01-31,일반상환학자금_생활비,3042,40
2019-01-31,취업후상환학자금_등록금,3579,112
2019-01-31,취업후상환학자금_생활비,3199,30
2019-02-01,취업후상환학자금_생활비,2588,20
2019-02-01,취업후상환학자금_등록금,1952,63
2019-02-01,일반상환학자금_생활비,2158,26
2019-02-01,일반상환학자금_등록금,5334,200
2019-02-02,취업후상환학자금_등록금,1506,47
2019-02-02,일반상환학자금_생활비,2063,19
2019-02-02,일반상환학자금_등록금,2786,103
2019-02-02,취업후상환학자금_생활비,6314,37
2019-02-03,취업후상환학자금_등록금,0,0
2019-02-03,일반상환학자금_생활비,0,0
2019-02-03,일반상환학자금_등록금,0,0
2019-02-03,취업후상환학자금_생활비,0,0
2019-02-04,일반상환학자금_생활비,0,0
2019-02-04,취업후상환학자금_생활비,0,0
2019-02-04,취업후상환학자금_등록금,0,0
2019-02-04,일반상환학자금_등록금,0,0
2019-02-05,일반상환학자금_등록금,0,0
2019-02-05,일반상환학자금_생활비,0,0
2019-02-05,취업후상환학자금_등록금,0,0
2019-02-05,취업후상환학자금_생활비,0,0
2019-02-06,일반상환학자금_등록금,0,0
2019-02-06,취업후상환학자금_생활비,0,0
2019-02-06,일반상환학자금_생활비,0,0
2019-02-06,취업후상환학자금_등록금,0,0
2019-02-07,취업후상환학자금_등록금,0,0
2019-02-07,취업후상환학자금_생활비,0,0
2019-02-07,일반상환학자금_등록금,0,0
2019-02-07,일반상환학자금_생활비,0,0
2019-02-08,취업후상환학자금_생활비,4446,27
2019-02-08,일반상환학자금_등록금,1750,72
2019-02-08,일반상환학자금_생활비,1856,18
2019-02-08,취업후상환학자금_등록금,690,21
2019-02-09,취업후상환학자금_생활비,3207,19
2019-02-09,취업후상환학자금_등록금,451,14
2019-02-09,일반상환학자금_생활비,1253,12
2019-02-09,일반상환학자금_등록금,1213,48
2019-02-10,취업후상환학자금_생활비,0,0
2019-02-10,취업후상환학자금_등록금,0,0
2019-02-10,일반상환학자금_등록금,0,0
2019-02-10,일반상환학자금_생활비,0,0
2019-02-11,취업후상환학자금_생활비,0,0
2019-02-11,취업후상환학자금_등록금,0,0
2019-02-11,일반상환학자금_생활비,0,0
2019-02-11,일반상환학자금_등록금,0,0
2019-02-12,일반상환학자금_생활비,3058,35
2019-02-12,취업후상환학자금_생활비,5485,48
2019-02-12,취업후상환학자금_등록금,4618,121
2019-02-12,일반상환학자금_등록금,5468,173
2019-02-13,취업후상환학자금_등록금,2696,71
2019-02-13,일반상환학자금_생활비,2274,26
2019-02-13,취업후상환학자금_생활비,3524,29
2019-02-13,일반상환학자금_등록금,4281,129
2019-02-14,일반상환학자금_등록금,2661,80
2019-02-14,일반상환학자금_생활비,1694,18
2019-02-14,취업후상환학자금_등록금,1523,41
2019-02-14,취업후상환학자금_생활비,2745,21
2019-02-15,일반상환학자금_등록금,911,30
2019-02-15,일반상환학자금_생활비,1431,13
2019-02-15,취업후상환학자금_생활비,2724,19
2019-02-15,취업후상환학자금_등록금,571,17
2019-02-16,취업후상환학자금_생활비,2809,19
2019-02-16,일반상환학자금_생활비,1764,15
2019-02-16,취업후상환학자금_등록금,643,19
2019-02-16,일반상환학자금_등록금,1085,36
2019-02-17,일반상환학자금_생활비,0,0
2019-02-17,취업후상환학자금_등록금,0,0
2019-02-17,취업후상환학자금_생활비,0,0
2019-02-17,일반상환학자금_등록금,0,0
2019-02-18,취업후상환학자금_생활비,0,0
2019-02-18,취업후상환학자금_등록금,0,0
2019-02-18,일반상환학자금_생활비,0,0
2019-02-18,일반상환학자금_등록금,0,0
2019-02-19,일반상환학자금_생활비,4042,44
2019-02-19,일반상환학자금_등록금,4725,163
2019-02-19,취업후상환학자금_등록금,5951,117
2019-02-19,취업후상환학자금_생활비,6806,63
2019-02-20,취업후상환학자금_등록금,6889,140
2019-02-20,일반상환학자금_생활비,4437,51
2019-02-20,취업후상환학자금_생활비,7012,69
2019-02-20,일반상환학자금_등록금,6564,220
2019-02-21,취업후상환학자금_생활비,7304,73
2019-02-21,취업후상환학자금_등록금,7193,144
2019-02-21,일반상환학자금_생활비,4257,49
2019-02-21,일반상환학자금_등록금,6575,211
2019-02-22,일반상환학자금_등록금,8839,327
2019-02-22,일반상환학자금_생활비,5501,63
2019-02-22,취업후상환학자금_생활비,7128,71
2019-02-22,취업후상환학자금_등록금,6717,143
2019-02-23,일반상환학자금_등록금,8846,321
2019-02-23,취업후상환학자금_등록금,8706,188
2019-02-23,취업후상환학자금_생활비,9025,92
2019-02-23,일반상환학자금_생활비,5465,64
2019-02-24,일반상환학자금_등록금,0,0
2019-02-24,일반상환학자금_생활비,0,0
2019-02-24,취업후상환학자금_생활비,0,0
2019-02-24,취업후상환학자금_등록금,0,0
2019-02-25,취업후상환학자금_등록금,0,0
2019-02-25,일반상환학자금_생활비,0,0
2019-02-25,취업후상환학자금_생활비,0,0
2019-02-25,일반상환학자금_등록금,0,0
2019-02-26,일반상환학자금_생활비,6087,70
2019-02-26,일반상환학자금_등록금,9285,328
2019-02-26,취업후상환학자금_등록금,10806,225
2019-02-26,취업후상환학자금_생활비,12210,124
2019-02-27,취업후상환학자금_생활비,7642,76
2019-02-27,취업후상환학자금_등록금,6100,132
2019-02-27,일반상환학자금_등록금,6807,243
2019-02-27,일반상환학자금_생활비,4289,49
2019-02-28,일반상환학자금_등록금,5490,205
2019-02-28,일반상환학자금_생활비,3389,38
2019-02-28,취업후상환학자금_등록금,4448,98
2019-02-28,취업후상환학자금_생활비,5881,58
2019-03-01,일반상환학자금_생활비,2738,30
2019-03-01,취업후상환학자금_생활비,5332,50
2019-03-01,취업후상환학자금_등록금,3093,68
2019-03-01,일반상환학자금_등록금,3272,109
2019-03-02,취업후상환학자금_등록금,0,0
2019-03-02,일반상환학자금_생활비,0,0
2019-03-02,일반상환학자금_등록금,0,0
2019-03-02,취업후상환학자금_생활비,0,0
2019-03-03,취업후상환학자금_생활비,0,0
2019-03-03,취업후상환학자금_등록금,0,0
2019-03-03,일반상환학자금_등록금,0,0
2019-03-03,일반상환학자금_생활비,0,0
2019-03-04,취업후상환학자금_등록금,0,0
2019-03-04,일반상환학자금_생활비,0,0
2019-03-04,일반상환학자금_등록금,0,0
2019-03-04,취업후상환학자금_생활비,0,0
2019-03-05,취업후상환학자금_등록금,1572,36
2019-03-05,일반상환학자금_생활비,2797,27
2019-03-05,취업후상환학자금_생활비,6489,58
2019-03-05,일반상환학자금_등록금,1583,56
2019-03-06,취업후상환학자금_등록금,1269,30
2019-03-06,일반상환학자금_등록금,1733,61
2019-03-06,일반상환학자금_생활비,2368,25
2019-03-06,취업후상환학자금_생활비,4827,44
2019-03-07,일반상환학자금_생활비,2154,22
2019-03-07,취업후상환학자금_등록금,1364,32
2019-03-07,일반상환학자금_등록금,1826,63
2019-03-07,취업후상환학자금_생활비,3952,35
2019-03-08,일반상환학자금_생활비,1666,16
2019-03-08,취업후상환학자금_등록금,1014,24
2019-03-08,취업후상환학자금_생활비,3206,28
2019-03-08,일반상환학자금_등록금,1478,49
2019-03-09,일반상환학자금_생활비,1857,18
2019-03-09,일반상환학자금_등록금,1172,38
2019-03-09,취업후상환학자금_등록금,861,21
2019-03-09,취업후상환학자금_생활비,3556,29
2019-03-10,취업후상환학자금_등록금,0,0
2019-03-10,일반상환학자금_생활비,0,0
2019-03-10,일반상환학자금_등록금,0,0
2019-03-10,취업후상환학자금_생활비,0,0
2019-03-11,일반상환학자금_등록금,0,0
2019-03-11,취업후상환학자금_생활비,0,0
2019-03-11,취업후상환학자금_등록금,0,0
2019-03-11,일반상환학자금_생활비,0,0
2019-03-12,취업후상환학자금_등록금,847,21
2019-03-12,일반상환학자금_생활비,1930,19
2019-03-12,일반상환학자금_등록금,1024,35
2019-03-12,취업후상환학자금_생활비,3773,31
2019-03-13,취업후상환학자금_등록금,1034,24
2019-03-13,일반상환학자금_생활비,1639,16
2019-03-13,일반상환학자금_등록금,1142,37
2019-03-13,취업후상환학자금_생활비,2950,26
2019-03-14,일반상환학자금_등록금,1730,61
2019-03-14,일반상환학자금_생활비,1806,19
2019-03-14,취업후상환학자금_등록금,1222,28
2019-03-14,취업후상환학자금_생활비,2914,25
2019-03-15,일반상환학자금_생활비,1538,16
2019-03-15,취업후상환학자금_생활비,2564,22
2019-03-15,취업후상환학자금_등록금,1099,25
2019-03-15,일반상환학자금_등록금,1572,51
2019-03-16,취업후상환학자금_생활비,3197,26
2019-03-16,일반상환학자금_등록금,1575,52
2019-03-16,취업후상환학자금_등록금,1053,26
2019-03-16,일반상환학자금_생활비,1788,18
2019-03-17,취업후상환학자금_생활비,0,0
2019-03-17,취업후상환학자금_등록금,0,0
2019-03-17,일반상환학자금_생활비,0,0
2019-03-17,일반상환학자금_등록금,0,0
2019-03-18,취업후상환학자금_등록금,0,0
2019-03-18,취업후상환학자금_생활비,0,0
2019-03-18,일반상환학자금_생활비,0,0
2019-03-18,일반상환학자금_등록금,0,0
2019-03-19,일반상환학자금_등록금,745,24
2019-03-19,일반상환학자금_생활비,1588,14
2019-03-19,취업후상환학자금_등록금,693,17
2019-03-19,취업후상환학자금_생활비,2975,24
2019-03-20,일반상환학자금_등록금,627,19
2019-03-20,일반상환학자금_생활비,1305,12
2019-03-20,취업후상환학자금_등록금,582,14
2019-03-20,취업후상환학자금_생활비,2374,19
2019-03-21,취업후상환학자금_생활비,2341,19
2019-03-21,취업후상환학자금_등록금,741,18
2019-03-21,일반상환학자금_등록금,811,25
2019-03-21,일반상환학자금_생활비,1264,12
2019-03-22,일반상환학자금_등록금,628,18
2019-03-22,일반상환학자금_생활비,1120,10
2019-03-22,취업후상환학자금_등록금,537,12
2019-03-22,취업후상환학자금_생활비,2111,16
2019-03-23,취업후상환학자금_생활비,3119,25
2019-03-23,취업후상환학자금_등록금,853,24
2019-03-23,일반상환학자금_등록금,563,17
2019-03-23,일반상환학자금_생활비,1428,12
2019-03-24,취업후상환학자금_등록금,0,0
2019-03-24,일반상환학자금_생활비,0,0
2019-03-24,일반상환학자금_등록금,0,0
2019-03-24,취업후상환학자금_생활비,0,0
2019-03-25,취업후상환학자금_등록금,0,0
2019-03-25,일반상환학자금_생활비,0,0
2019-03-25,일반상환학자금_등록금,0,0
2019-03-25,취업후상환학자금_생활비,0,0
2019-03-26,취업후상환학자금_등록금,656,17
2019-03-26,일반상환학자금_생활비,1369,12
2019-03-26,일반상환학자금_등록금,482,15
2019-03-26,취업후상환학자금_생활비,2970,23
2019-03-27,일반상환학자금_등록금,456,14
2019-03-27,일반상환학자금_생활비,1045,10
2019-03-27,취업후상환학자금_등록금,619,16
2019-03-27,취업후상환학자금_생활비,2251,18
2019-03-28,일반상환학자금_등록금,552,17
2019-03-28,일반상환학자금_생활비,1005,9
2019-03-28,취업후상환학자금_생활비,2081,16
2019-03-28,취업후상환학자금_등록금,652,16
2019-03-29,취업후상환학자금_등록금,605,15
2019-03-29,일반상환학자금_등록금,494,15
2019-03-29,일반상환학자금_생활비,909,8
2019-03-29,취업후상환학자금_생활비,1824,14
2019-03-30,일반상환학자금_등록금,409,12
2019-03-30,일반상환학자금_생활비,1091,9
2019-03-30,취업후상환학자금_등록금,443,12
2019-03-30,취업후상환학자금_생활비,2340,17
2019-03-31,일반상환학자금_등록금,0,0
2019-03-31,일반상환학자금_생활비,0,0
2019-03-31,취업후상환학자금_등록금,0,0
2019-03-31,취업후상환학자금_생활비,0,0
2019-04-01,일반상환학자금_생활비,0,0
2019-04-01,취업후상환학자금_등록금,0,0
2019-04-01,취업후상환학자금_생활비,0,0
2019-04-01,일반상환학자금_등록금,0,0
2019-04-02,취업후상환학자금_생활비,2190,16
2019-04-02,일반상환학자금_등록금,173,5
2019-04-02,일반상환학자금_생활비,1030,9
2019-04-02,취업후상환학자금_등록금,220,6
2019-04-03,일반상환학자금_등록금,131,4
2019-04-03,일반상환학자금_생활비,836,7
2019-04-03,취업후상환학자금_생활비,1900,16
2019-04-03,취업후상환학자금_등록금,341,11
2019-04-04,취업후상환학자금_등록금,262,8
2019-04-04,취업후상환학자금_생활비,1601,12
2019-04-04,일반상환학자금_생활비,743,6
2019-04-04,일반상환학자금_등록금,144,4
2019-04-05,일반상환학자금_등록금,142,4
2019-04-05,일반상환학자금_생활비,733,6
2019-04-05,취업후상환학자금_생활비,1545,12
2019-04-05,취업후상환학자금_등록금,252,8
2019-04-06,일반상환학자금_등록금,133,4
2019-04-06,취업후상환학자금_등록금,258,8
2019-04-06,일반상환학자금_생활비,858,7
2019-04-06,취업후상환학자금_생활비,2027,15
2019-04-07,일반상환학자금_생활비,0,0
2019-04-07,취업후상환학자금_등록금,0,0
2019-04-07,취업후상환학자금_생활비,0,0
2019-04-07,일반상환학자금_등록금,0,0
2019-04-08,일반상환학자금_생활비,0,0
2019-04-08,일반상환학자금_등록금,0,0
2019-04-08,취업후상환학자금_생활비,0,0
2019-04-08,취업후상환학자금_등록금,0,0
2019-04-09,취업후상환학자금_생활비,1716,12
2019-04-09,취업후상환학자금_등록금,182,5
2019-04-09,일반상환학자금_등록금,118,4
2019-04-09,일반상환학자금_생활비,853,7
2019-04-10,취업후상환학자금_생활비,1413,11
2019-04-10,일반상환학자금_등록금,109,3
2019-04-10,일반상환학자금_생활비,687,6
2019-04-10,취업후상환학자금_등록금,173,5
2019-04-11,취업후상환학자금_등록금,180,5
2019-04-11,일반상환학자금_생활비,657,5
2019-04-11,일반상환학자금_등록금,119,4
2019-04-11,취업후상환학자금_생활비,1292,10
2019-04-12,일반상환학자금_등록금,91,3
2019-04-12,일반상환학자금_생활비,702,6
2019-04-12,취업후상환학자금_등록금,221,7
2019-04-12,취업후상환학자금_생활비,1407,12
2019-04-13,취업후상환학자금_등록금,261,8
2019-04-13,일반상환학자금_생활비,790,7
2019-04-13,일반상환학자금_등록금,134,4
2019-04-13,취업후상환학자금_생활비,1711,13
2019-04-14,일반상환학자금_등록금,0,0
2019-04-14,일반상환학자금_생활비,0,0
2019-04-14,취업후상환학자금_등록금,0,0
2019-04-14,취업후상환학자금_생활비,0,0
2019-04-15,일반상환학자금_등록금,0,0
2019-04-15,일반상환학자금_생활비,0,0
2019-04-15,취업후상환학자금_생활비,0,0
2019-04-15,취업후상환학자금_등록금,0,0
2019-04-16,취업후상환학자금_생활비,1639,13
2019-04-16,일반상환학자금_등록금,149,4
2019-04-16,취업후상환학자금_등록금,220,6
2019-04-16,일반상환학자금_생활비,784,7
2019-04-17,취업후상환학자금_등록금,260,7
2019-04-17,일반상환학자금_생활비,701,6
2019-04-17,일반상환학자금_등록금,178,5
2019-04-17,취업후상환학자금_생활비,1283,10
2019-04-18,취업후상환학자금_생활비,1436,13
2019-04-18,취업후상환학자금_등록금,344,10
2019-04-18,일반상환학자금_등록금,257,8
2019-04-18,일반상환학자금_생활비,724,7
2019-04-19,취업후상환학자금_등록금,98,3
2019-04-19,일반상환학자금_생활비,1337,15
2019-04-19,일반상환학자금_등록금,19,0
2019-04-19,취업후상환학자금_생활비,1315,11
2019-04-20,취업후상환학자금_생활비,1797,15
2019-04-20,취업후상환학자금_등록금,368,8
2019-04-20,일반상환학자금_생활비,995,9
2019-04-20,일반상환학자금_등록금,21,0
2019-04-21,일반상환학자금_등록금,0,0
2019-04-21,일반상환학자금_생활비,0,0
2019-04-21,취업후상환학자금_등록금,0,0
2019-04-21,취업후상환학자금_생활비,0,0
2019-04-22,취업후상환학자금_생활비,0,0
2019-04-22,취업후상환학자금_등록금,0,0
2019-04-22,일반상환학자금_등록금,0,0
2019-04-22,일반상환학자금_생활비,0,0
2019-04-23,취업후상환학자금_생활비,1775,15
2019-04-23,취업후상환학자금_등록금,189,4
2019-04-23,일반상환학자금_생활비,898,8
2019-04-23,일반상환학자금_등록금,11,0
2019-04-24,취업후상환학자금_등록금,156,4
2019-04-24,일반상환학자금_생활비,720,6
2019-04-24,일반상환학자금_등록금,6,0
2019-04-24,취업후상환학자금_생활비,1390,11
2019-04-25,일반상환학자금_생활비,646,5
2019-04-25,취업후상환학자금_생활비,1252,10
2019-04-25,취업후상환학자금_등록금,149,3
2019-04-25,일반상환학자금_등록금,11,0
2019-04-26,취업후상환학자금_등록금,149,3
2019-04-26,일반상환학자금_생활비,765,7
2019-04-26,일반상환학자금_등록금,7,0
2019-04-26,취업후상환학자금_생활비,1367,11
2019-04-27,일반상환학자금_등록금,3,0
2019-04-27,일반상환학자금_생활비,892,8
2019-04-27,취업후상환학자금_등록금,167,4
2019-04-27,취업후상환학자금_생활비,1829,14
2019-04-28,취업후상환학자금_등록금,0,0
2019-04-28,일반상환학자금_생활비,0,0
2019-04-28,일반상환학자금_등록금,0,0
2019-04-28,취업후상환학자금_생활비,0,0
2019-04-29,취업후상환학자금_생활비,0,0
2019-04-29,취업후상환학자금_등록금,0,0
2019-04-29,일반상환학자금_생활비,0,0
2019-04-29,일반상환학자금_등록금,0,0
2019-04-30,일반상환학자금_등록금,1,0
2019-04-30,취업후상환학자금_생활비,1975,16
2019-04-30,취업후상환학자금_등록금,144,3
2019-04-30,일반상환학자금_생활비,954,8
2019-05-01,취업후상환학자금_등록금,126,3
2019-05-01,일반상환학자금_생활비,863,8
2019-05-01,일반상환학자금_등록금,4,0
2019-05-01,취업후상환학자금_생활비,1679,14
2019-05-02,일반상환학자금_생활비,0,0
2019-05-02,취업후상환학자금_생활비,0,0
2019-05-02,취업후상환학자금_등록금,0,0
2019-05-02,일반상환학자금_등록금,0,0
2019-05-03,취업후상환학자금_등록금,318,7
2019-05-03,일반상환학자금_등록금,10,0
2019-05-03,일반상환학자금_생활비,1028,9
2019-05-03,취업후상환학자금_생활비,2445,21
2019-05-04,일반상환학자금_등록금,9,0
2019-05-04,취업후상환학자금_생활비,2465,21
2019-05-04,취업후상환학자금_등록금,298,6
2019-05-04,일반상환학자금_생활비,1033,10
2019-05-05,일반상환학자금_등록금,0,0
2019-05-05,취업후상환학자금_등록금,0,0
2019-05-05,일반상환학자금_생활비,0,0
2019-05-05,취업후상환학자금_생활비,0,0
2019-05-06,일반상환학자금_등록금,0,0
2019-05-06,일반상환학자금_생활비,0,0
2019-05-06,취업후상환학자금_등록금,0,0
2019-05-06,취업후상환학자금_생활비,0,0
2019-05-07,취업후상환학자금_등록금,0,0
2019-05-07,일반상환학자금_생활비,0,0
2019-05-07,일반상환학자금_등록금,0,0
2019-05-07,취업후상환학자금_생활비,0,0
2019-05-08,취업후상환학자금_생활비,3376,33
2019-05-08,취업후상환학자금_등록금,479,10
2019-05-08,일반상환학자금_등록금,12,0
2019-05-08,일반상환학자금_생활비,1404,14
2019-05-09,취업후상환학자금_등록금,658,14
2019-05-09,일반상환학자금_생활비,1522,15
2019-05-09,일반상환학자금_등록금,29,0
2019-05-09,취업후상환학자금_생활비,3665,36
2019-05-10,일반상환학자금_등록금,31,0
2019-05-10,일반상환학자금_생활비,983,10
2019-05-10,취업후상환학자금_등록금,431,8
2019-05-10,취업후상환학자금_생활비,2203,22
2019-05-11,취업후상환학자금_생활비,0,0
2019-05-11,일반상환학자금_등록금,0,0
2019-05-11,일반상환학자금_생활비,0,0
2019-05-11,취업후상환학자금_등록금,0,0
2019-05-12,취업후상환학자금_등록금,0,0
2019-05-12,일반상환학자금_생활비,0,0
2019-05-12,일반상환학자금_등록금,0,0
2019-05-12,취업후상환학자금_생활비,0,0
2019-05-13,취업후상환학자금_생활비,0,0
2019-05-13,취업후상환학자금_등록금,0,0
2019-05-13,일반상환학자금_등록금,0,0
2019-05-13,일반상환학자금_생활비,0,0
2019-05-14,일반상환학자금_등록금,0,0
2019-05-14,일반상환학자금_생활비,7,0
2019-05-14,취업후상환학자금_생활비,3,0
2019-05-14,취업후상환학자금_등록금,0,0
2019-05-15,일반상환학자금_생활비,0,0
2019-05-15,취업후상환학자금_생활비,1,0
2019-05-15,취업후상환학자금_등록금,1,0
2019-05-15,일반상환학자금_등록금,0,0
2019-05-16,취업후상환학자금_생활비,0,0
2019-05-16,취업후상환학자금_등록금,0,0
2019-05-16,일반상환학자금_생활비,0,0
2019-05-16,일반상환학자금_등록금,0,0
2019-05-17,일반상환학자금_등록금,0,0
2019-05-17,취업후상환학자금_생활비,0,0
2019-05-17,취업후상환학자금_등록금,0,0
2019-05-17,일반상환학자금_생활비,0,0
2019-05-18,일반상환학자금_등록금,0,0
2019-05-18,일반상환학자금_생활비,0,0
2019-05-18,취업후상환학자금_등록금,0,0
2019-05-18,취업후상환학자금_생활비,0,0
2019-05-19,취업후상환학자금_생활비,0,0
2019-05-19,취업후상환학자금_등록금,0,0
2019-05-19,일반상환학자금_생활비,0,0
2019-05-19,일반상환학자금_등록금,0,0
2019-05-20,취업후상환학자금_생활비,0,0
2019-05-20,취업후상환학자금_등록금,0,0
2019-05-20,일반상환학자금_생활비,0,0
2019-05-20,일반상환학자금_등록금,0,0
2019-05-21,취업후상환학자금_등록금,0,0
2019-05-21,취업후상환학자금_생활비,0,0
2019-05-21,일반상환학자금_생활비,0,0
2019-05-21,일반상환학자금_등록금,0,0
2019-05-22,취업후상환학자금_생활비,0,0
2019-05-22,취업후상환학자금_등록금,0,0
2019-05-22,일반상환학자금_생활비,0,0
2019-05-22,일반상환학자금_등록금,0,0
2019-05-23,일반상환학자금_생활비,0,0
2019-05-23,일반상환학자금_등록금,0,0
2019-05-23,취업후상환학자금_등록금,0,0
2019-05-23,취업후상환학자금_생활비,0,0
2019-05-24,취업후상환학자금_등록금,0,0
2019-05-24,일반상환학자금_등록금,0,0
2019-05-24,일반상환학자금_생활비,0,0
2019-05-24,취업후상환학자금_생활비,0,0
2019-05-25,취업후상환학자금_생활비,0,0
2019-05-25,취업후상환학자금_등록금,0,0
2019-05-25,일반상환학자금_생활비,0,0
2019-05-25,일반상환학자금_등록금,0,0
2019-05-26,일반상환학자금_등록금,0,0
2019-05-26,일반상환학자금_생활비,0,0
2019-05-26,취업후상환학자금_생활비,0,0
2019-05-26,취업후상환학자금_등록금,0,0
2019-05-27,일반상환학자금_등록금,0,0
2019-05-27,취업후상환학자금_등록금,0,0
2019-05-27,일반상환학자금_생활비,0,0
2019-05-27,취업후상환학자금_생활비,0,0
2019-05-28,일반상환학자금_등록금,0,0
2019-05-28,일반상환학자금_생활비,0,0
2019-05-28,취업후상환학자금_등록금,0,0
2019-05-28,취업후상환학자금_생활비,0,0
2019-05-29,취업후상환학자금_생활비,0,0
2019-05-29,취업후상환학자금_등록금,0,0
2019-05-29,일반상환학자금_등록금,0,0
2019-05-29,일반상환학자금_생활비,0,0
2019-05-30,일반상환학자금_등록금,0,0
2019-05-30,일반상환학자금_생활비,0,0
2019-05-30,취업후상환학자금_등록금,0,0
2019-05-30,취업후상환학자금_생활비,0,0
2019-05-31,취업후상환학자금_등록금,0,0
2019-05-31,일반상환학자금_생활비,0,0
2019-05-31,일반상환학자금_등록금,0,0
2019-05-31,취업후상환학자금_생활비,0,0
2019-06-01,일반상환학자금_등록금,0,0
2019-06-01,일반상환학자금_생활비,0,0
2019-06-01,취업후상환학자금_등록금,0,0
2019-06-01,취업후상환학자금_생활비,0,0
2019-06-02,일반상환학자금_등록금,0,0
2019-06-02,일반상환학자금_생활비,0,0
2019-06-02,취업후상환학자금_생활비,0,0
2019-06-02,취업후상환학자금_등록금,0,0
2019-06-03,일반상환학자금_등록금,0,0
2019-06-03,취업후상환학자금_등록금,0,0
2019-06-03,취업후상환학자금_생활비,0,0
2019-06-03,일반상환학자금_생활비,0,0
2019-06-04,취업후상환학자금_생활비,0,0
2019-06-04,취업후상환학자금_등록금,0,0
2019-06-04,일반상환학자금_등록금,0,0
2019-06-04,일반상환학자금_생활비,0,0
2019-06-05,일반상환학자금_생활비,0,0
2019-06-05,일반상환학자금_등록금,0,0
2019-06-05,취업후상환학자금_생활비,0,0
2019-06-05,취업후상환학자금_등록금,0,0
2019-06-06,취업후상환학자금_등록금,0,0
2019-06-06,일반상환학자금_등록금,0,0
2019-06-06,일반상환학자금_생활비,0,0
2019-06-06,취업후상환학자금_생활비,0,0
2019-06-07,취업후상환학자금_생활비,0,0
2019-06-07,일반상환학자금_등록금,0,0
2019-06-07,취업후상환학자금_등록금,0,0
2019-06-07,일반상환학자금_생활비,0,0
2019-06-08,취업후상환학자금_생활비,0,0
2019-06-08,취업후상환학자금_등록금,0,0
2019-06-08,일반상환학자금_등록금,0,0
2019-06-08,일반상환학자금_생활비,0,0
2019-06-09,취업후상환학자금_등록금,0,0
2019-06-09,일반상환학자금_생활비,0,0
2019-06-09,일반상환학자금_등록금,0,0
2019-06-09,취업후상환학자금_생활비,0,0
2019-06-10,일반상환학자금_등록금,0,0
2019-06-10,일반상환학자금_생활비,0,0
2019-06-10,취업후상환학자금_등록금,0,0
2019-06-10,취업후상환학자금_생활비,0,0
2019-06-11,취업후상환학자금_생활비,0,0
2019-06-11,취업후상환학자금_등록금,0,0
2019-06-11,일반상환학자금_등록금,0,0
2019-06-11,일반상환학자금_생활비,0,0
2019-06-12,취업후상환학자금_생활비,0,0
2019-06-12,일반상환학자금_생활비,0,0
2019-06-12,취업후상환학자금_등록금,0,0
2019-06-12,일반상환학자금_등록금,0,0
2019-06-13,취업후상환학자금_등록금,0,0
2019-06-13,취업후상환학자금_생활비,0,0
2019-06-13,일반상환학자금_생활비,0,0
2019-06-13,일반상환학자금_등록금,0,0
2019-06-14,일반상환학자금_등록금,0,0
2019-06-14,일반상환학자금_생활비,0,0
2019-06-14,취업후상환학자금_등록금,0,0
2019-06-14,취업후상환학자금_생활비,0,0
2019-06-15,일반상환학자금_생활비,0,0
2019-06-15,일반상환학자금_등록금,0,0
2019-06-15,취업후상환학자금_등록금,0,0
2019-06-15,취업후상환학자금_생활비,0,0
2019-06-16,취업후상환학자금_등록금,0,0
2019-06-16,일반상환학자금_생활비,0,0
2019-06-16,일반상환학자금_등록금,0,0
2019-06-16,취업후상환학자금_생활비,0,0
2019-06-17,취업후상환학자금_등록금,0,0
2019-06-17,일반상환학자금_생활비,0,0
2019-06-17,일반상환학자금_등록금,0,0
2019-06-17,취업후상환학자금_생활비,0,0
2019-06-18,일반상환학자금_생활비,0,0
2019-06-18,취업후상환학자금_등록금,0,0
2019-06-18,취업후상환학자금_생활비,0,0
2019-06-18,일반상환학자금_등록금,0,0
2019-06-19,취업후상환학자금_등록금,0,0
2019-06-19,일반상환학자금_생활비,0,0
2019-06-19,일반상환학자금_등록금,0,0
2019-06-19,취업후상환학자금_생활비,0,0
2019-06-20,취업후상환학자금_생활비,0,0
2019-06-20,일반상환학자금_등록금,0,0
2019-06-20,일반상환학자금_생활비,0,0
2019-06-20,취업후상환학자금_등록금,0,0
2019-06-21,취업후상환학자금_등록금,0,0
2019-06-21,일반상환학자금_생활비,0,0
2019-06-21,일반상환학자금_등록금,0,0
2019-06-21,취업후상환학자금_생활비,0,0
2019-06-22,취업후상환학자금_생활비,0,0
2019-06-22,취업후상환학자금_등록금,0,0
2019-06-22,일반상환학자금_등록금,0,0
2019-06-22,일반상환학자금_생활비,0,0
2019-06-23,일반상환학자금_등록금,0,0
2019-06-23,일반상환학자금_생활비,0,0
2019-06-23,취업후상환학자금_등록금,0,0
2019-06-23,취업후상환학자금_생활비,0,0
2019-06-24,일반상환학자금_등록금,0,0
2019-06-24,일반상환학자금_생활비,0,0
2019-06-24,취업후상환학자금_등록금,0,0
2019-06-24,취업후상환학자금_생활비,0,0
2019-06-25,취업후상환학자금_등록금,0,0
2019-06-25,일반상환학자금_생활비,0,0
2019-06-25,일반상환학자금_등록금,0,0
2019-06-25,취업후상환학자금_생활비,0,0
2019-06-26,취업후상환학자금_생활비,0,0
2019-06-26,취업후상환학자금_등록금,0,0
2019-06-26,일반상환학자금_등록금,0,0
2019-06-26,일반상환학자금_생활비,0,0
2019-06-27,취업후상환학자금_등록금,0,0
2019-06-27,일반상환학자금_생활비,0,0
2019-06-27,일반상환학자금_등록금,0,0
2019-06-27,취업후상환학자금_생활비,0,0
2019-06-28,취업후상환학자금_생활비,0,0
2019-06-28,일반상환학자금_등록금,0,0
2019-06-28,일반상환학자금_생활비,0,0
2019-06-28,취업후상환학자금_등록금,0,0
2019-06-29,취업후상환학자금_등록금,0,0
2019-06-29,취업후상환학자금_생활비,0,0
2019-06-29,일반상환학자금_생활비,0,0
2019-06-29,일반상환학자금_등록금,0,0
2019-06-30,일반상환학자금_등록금,0,0
2019-06-30,일반상환학자금_생활비,0,0
2019-06-30,취업후상환학자금_등록금,0,0
2019-06-30,취업후상환학자금_생활비,0,0
2019-07-01,취업후상환학자금_생활비,0,0
2019-07-01,취업후상환학자금_등록금,0,0
2019-07-01,일반상환학자금_생활비,0,0
2019-07-01,일반상환학자금_등록금,0,0
2019-07-02,취업후상환학자금_등록금,0,0
2019-07-02,취업후상환학자금_생활비,0,0
2019-07-02,일반상환학자금_생활비,0,0
2019-07-02,일반상환학자금_등록금,0,0
2019-07-03,일반상환학자금_생활비,0,0
2019-07-03,취업후상환학자금_등록금,0,0
2019-07-03,취업후상환학자금_생활비,0,0
2019-07-03,일반상환학자금_등록금,0,0
2019-07-04,일반상환학자금_등록금,0,0
2019-07-04,일반상환학자금_생활비,0,0
2019-07-04,취업후상환학자금_등록금,0,0
2019-07-04,취업후상환학자금_생활비,0,0
2019-07-05,일반상환학자금_등록금,0,0
2019-07-05,일반상환학자금_생활비,0,0
2019-07-05,취업후상환학자금_등록금,0,0
2019-07-05,취업후상환학자금_생활비,0,0
2019-07-06,취업후상환학자금_생활비,0,0
2019-07-06,일반상환학자금_등록금,0,0
2019-07-06,일반상환학자금_생활비,0,0
2019-07-06,취업후상환학자금_등록금,0,0
2019-07-07,취업후상환학자금_생활비,0,0
2019-07-07,취업후상환학자금_등록금,0,0
2019-07-07,일반상환학자금_등록금,0,0
2019-07-07,일반상환학자금_생활비,0,0
2019-07-08,일반상환학자금_등록금,0,0
2019-07-08,취업후상환학자금_생활비,0,0
2019-07-08,일반상환학자금_생활비,0,0
2019-07-08,취업후상환학자금_등록금,0,0
2019-07-09,일반상환학자금_등록금,0,0
2019-07-09,취업후상환학자금_등록금,0,0
2019-07-09,취업후상환학자금_생활비,0,0
2019-07-09,일반상환학자금_생활비,0,0
2019-07-10,일반상환학자금_생활비,0,0
2019-07-10,취업후상환학자금_생활비,0,0
2019-07-10,일반상환학자금_등록금,0,0
2019-07-10,취업후상환학자금_등록금,0,0
2019-07-11,일반상환학자금_등록금,0,0
2019-07-11,취업후상환학자금_등록금,0,0
2019-07-11,취업후상환학자금_생활비,0,0
2019-07-11,일반상환학자금_생활비,0,0
2019-07-12,일반상환학자금_등록금,0,0
2019-07-12,일반상환학자금_생활비,0,0
2019-07-12,취업후상환학자금_등록금,0,0
2019-07-12,취업후상환학자금_생활비,0,0
2019-07-13,일반상환학자금_등록금,961,60
2019-07-13,일반상환학자금_생활비,425,5
2019-07-13,취업후상환학자금_등록금,5,0
2019-07-13,취업후상환학자금_생활비,611,3
2019-07-14,일반상환학자금_등록금,0,0
2019-07-14,일반상환학자금_생활비,0,0
2019-07-14,취업후상환학자금_등록금,0,0
2019-07-14,취업후상환학자금_생활비,0,0
2019-07-15,일반상환학자금_생활비,0,0
2019-07-15,일반상환학자금_등록금,0,0
2019-07-15,취업후상환학자금_생활비,0,0
2019-07-15,취업후상환학자금_등록금,0,0
2019-07-16,일반상환학자금_등록금,631,38
2019-07-16,취업후상환학자금_등록금,4,0
2019-07-16,취업후상환학자금_생활비,969,5
2019-07-16,일반상환학자금_생활비,373,4
2019-07-17,일반상환학자금_생활비,350,3
2019-07-17,일반상환학자금_등록금,314,17
2019-07-17,취업후상환학자금_생활비,1332,6
2019-07-17,취업후상환학자금_등록금,0,0
2019-07-18,취업후상환학자금_생활비,1927,9
2019-07-18,취업후상환학자금_등록금,4,0
2019-07-18,일반상환학자금_등록금,271,14
2019-07-18,일반상환학자금_생활비,467,3
2019-07-19,취업후상환학자금_생활비,1910,9
2019-07-19,취업후상환학자금_등록금,19,0
2019-07-19,일반상환학자금_등록금,174,9
2019-07-19,일반상환학자금_생활비,456,3
2019-07-20,일반상환학자금_등록금,124,6
2019-07-20,취업후상환학자금_생활비,1873,9
2019-07-20,일반상환학자금_생활비,393,2
2019-07-20,취업후상환학자금_등록금,10,0
2019-07-21,일반상환학자금_등록금,0,0
2019-07-21,취업후상환학자금_등록금,0,0
2019-07-21,취업후상환학자금_생활비,0,0
2019-07-21,일반상환학자금_생활비,0,0
2019-07-22,일반상환학자금_등록금,0,0
2019-07-22,일반상환학자금_생활비,0,0
2019-07-22,취업후상환학자금_등록금,0,0
2019-07-22,취업후상환학자금_생활비,0,0
2019-07-23,취업후상환학자금_생활비,2932,14
2019-07-23,취업후상환학자금_등록금,5,0
2019-07-23,일반상환학자금_등록금,117,6
2019-07-23,일반상환학자금_생활비,506,3
2019-07-24,취업후상환학자금_등록금,4,0
2019-07-24,일반상환학자금_생활비,435,3
2019-07-24,일반상환학자금_등록금,160,6
2019-07-24,취업후상환학자금_생활비,2438,12
2019-07-25,일반상환학자금_등록금,194,9
2019-07-25,일반상환학자금_생활비,504,3
2019-07-25,취업후상환학자금_등록금,12,0
2019-07-25,취업후상환학자금_생활비,2656,13
2019-07-26,일반상환학자금_등록금,129,6
2019-07-26,일반상환학자금_생활비,506,3
2019-07-26,취업후상환학자금_등록금,3,0
2019-07-26,취업후상환학자금_생활비,2272,11
2019-07-27,취업후상환학자금_생활비,2774,13
2019-07-27,취업후상환학자금_등록금,4,0
2019-07-27,일반상환학자금_등록금,78,4
2019-07-27,일반상환학자금_생활비,509,3
2019-07-28,취업후상환학자금_등록금,0,0
2019-07-28,일반상환학자금_생활비,0,0
2019-07-28,일반상환학자금_등록금,0,0
2019-07-28,취업후상환학자금_생활비,0,0
2019-07-29,취업후상환학자금_등록금,0,0
2019-07-29,일반상환학자금_생활비,0,0
2019-07-29,일반상환학자금_등록금,0,0
2019-07-29,취업후상환학자금_생활비,0,0
2019-07-30,일반상환학자금_등록금,138,7
2019-07-30,일반상환학자금_생활비,729,4
2019-07-30,취업후상환학자금_등록금,1,0
2019-07-30,취업후상환학자금_생활비,4317,21
2019-07-31,취업후상환학자금_등록금,5,0
2019-07-31,일반상환학자금_생활비,821,4
2019-07-31,일반상환학자금_등록금,109,6
2019-07-31,취업후상환학자금_생활비,4146,20
2019-08-01,취업후상환학자금_생활비,2957,14
2019-08-01,취업후상환학자금_등록금,2,0
2019-08-01,일반상환학자금_생활비,688,4
2019-08-01,일반상환학자금_등록금,174,7
2019-08-02,취업후상환학자금_등록금,2,0
2019-08-02,취업후상환학자금_생활비,2684,13
2019-08-02,일반상환학자금_생활비,652,4
2019-08-02,일반상환학자금_등록금,212,9
2019-08-03,취업후상환학자금_등록금,8,0
2019-08-03,일반상환학자금_등록금,128,5
2019-08-03,일반상환학자금_생활비,595,3
2019-08-03,취업후상환학자금_생활비,2779,13
2019-08-04,취업후상환학자금_생활비,0,0
2019-08-04,일반상환학자금_등록금,0,0
2019-08-04,취업후상환학자금_등록금,0,0
2019-08-04,일반상환학자금_생활비,0,0
2019-08-05,취업후상환학자금_생활비,0,0
2019-08-05,취업후상환학자금_등록금,0,0
2019-08-05,일반상환학자금_생활비,0,0
2019-08-05,일반상환학자금_등록금,0,0
2019-08-06,일반상환학자금_생활비,1101,7
2019-08-06,일반상환학자금_등록금,202,7
2019-08-06,취업후상환학자금_등록금,76,1
2019-08-06,취업후상환학자금_생활비,4462,22
2019-08-07,일반상환학자금_등록금,259,7
2019-08-07,일반상환학자금_생활비,869,6
2019-08-07,취업후상환학자금_등록금,48,1
2019-08-07,취업후상환학자금_생활비,3105,15
2019-08-08,일반상환학자금_등록금,267,8
2019-08-08,일반상환학자금_생활비,765,5
2019-08-08,취업후상환학자금_등록금,59,1
2019-08-08,취업후상환학자금_생활비,2872,14
2019-08-09,일반상환학자금_등록금,178,6
2019-08-09,일반상환학자금_생활비,798,5
2019-08-09,취업후상환학자금_등록금,70,1
2019-08-09,취업후상환학자금_생활비,3358,17
2019-08-10,취업후상환학자금_등록금,104,2
2019-08-10,일반상환학자금_생활비,817,5
2019-08-10,일반상환학자금_등록금,141,4
2019-08-10,취업후상환학자금_생활비,2917,15
2019-08-11,취업후상환학자금_생활비,0,0
2019-08-11,취업후상환학자금_등록금,0,0
2019-08-11,일반상환학자금_생활비,0,0
2019-08-11,일반상환학자금_등록금,0,0
2019-08-12,일반상환학자금_등록금,0,0
2019-08-12,일반상환학자금_생활비,0,0
2019-08-12,취업후상환학자금_등록금,0,0
2019-08-12,취업후상환학자금_생활비,0,0
2019-08-13,취업후상환학자금_등록금,806,13
2019-08-13,일반상환학자금_생활비,1524,11
2019-08-13,일반상환학자금_등록금,511,15
2019-08-13,취업후상환학자금_생활비,4174,25
2019-08-14,일반상환학자금_등록금,485,13
2019-08-14,일반상환학자금_생활비,1240,9
2019-08-14,취업후상환학자금_등록금,584,10
2019-08-14,취업후상환학자금_생활비,3228,19
2019-08-15,취업후상환학자금_생활비,2881,17
2019-08-15,취업후상환학자금_등록금,617,12
2019-08-15,일반상환학자금_생활비,1315,9
2019-08-15,일반상환학자금_등록금,492,13
2019-08-16,취업후상환학자금_등록금,0,0
2019-08-16,일반상환학자금_생활비,0,0
2019-08-16,일반상환학자금_등록금,0,0
2019-08-16,취업후상환학자금_생활비,0,0
2019-08-17,일반상환학자금_생활비,1804,13
2019-08-17,취업후상환학자금_생활비,4668,31
2019-08-17,취업후상환학자금_등록금,1544,29
2019-08-17,일반상환학자금_등록금,746,21
2019-08-18,취업후상환학자금_생활비,0,0
2019-08-18,일반상환학자금_등록금,0,0
2019-08-18,취업후상환학자금_등록금,0,0
2019-08-18,일반상환학자금_생활비,0,0
2019-08-19,취업후상환학자금_등록금,0,0
2019-08-19,일반상환학자금_생활비,0,0
2019-08-19,일반상환학자금_등록금,0,0
2019-08-19,취업후상환학자금_생활비,0,0
2019-08-20,취업후상환학자금_등록금,11526,223
2019-08-20,일반상환학자금_생활비,4091,43
2019-08-20,일반상환학자금_등록금,5313,170
2019-08-20,취업후상환학자금_생활비,11546,109
2019-08-21,취업후상환학자금_생활비,9289,88
2019-08-21,취업후상환학자금_등록금,8977,178
2019-08-21,일반상환학자금_생활비,3879,42
2019-08-21,일반상환학자금_등록금,5512,174
2019-08-22,일반상환학자금_등록금,5651,184
2019-08-22,일반상환학자금_생활비,3729,40
2019-08-22,취업후상환학자금_생활비,8242,78
2019-08-22,취업후상환학자금_등록금,7955,163
2019-08-23,취업후상환학자금_등록금,9138,193
2019-08-23,일반상환학자금_생활비,4524,52
2019-08-23,일반상환학자금_등록금,7745,268
2019-08-23,취업후상환학자금_생활비,8785,85
2019-08-24,취업후상환학자금_등록금,9158,191
2019-08-24,취업후상환학자금_생활비,10318,99
2019-08-24,일반상환학자금_생활비,5417,62
2019-08-24,일반상환학자금_등록금,8855,325
2019-08-25,취업후상환학자금_생활비,0,0
2019-08-25,취업후상환학자금_등록금,0,0
2019-08-25,일반상환학자금_생활비,0,0
2019-08-25,일반상환학자금_등록금,0,0
2019-08-26,취업후상환학자금_생활비,0,0
2019-08-26,취업후상환학자금_등록금,0,0
2019-08-26,일반상환학자금_생활비,0,0
2019-08-26,일반상환학자금_등록금,0,0
2019-08-27,취업후상환학자금_생활비,17822,177
2019-08-27,취업후상환학자금_등록금,15874,328
2019-08-27,일반상환학자금_등록금,12117,447
2019-08-27,일반상환학자금_생활비,7438,87
2019-08-28,취업후상환학자금_등록금,9016,194
2019-08-28,일반상환학자금_생활비,4877,56
2019-08-28,일반상환학자금_등록금,8587,319
2019-08-28,취업후상환학자금_생활비,11287,111
2019-08-29,취업후상환학자금_생활비,7809,74
2019-08-29,일반상환학자금_등록금,6163,234
2019-08-29,일반상환학자금_생활비,3608,40
2019-08-29,취업후상환학자금_등록금,5894,129
2019-08-30,일반상환학자금_등록금,4274,163
2019-08-30,일반상환학자금_생활비,2672,29
2019-08-30,취업후상환학자금_등록금,3868,85
2019-08-30,취업후상환학자금_생활비,6215,56
2019-08-31,일반상환학자금_등록금,3463,131
2019-08-31,일반상환학자금_생활비,2654,28
2019-08-31,취업후상환학자금_등록금,3387,77
2019-08-31,취업후상환학자금_생활비,6625,58
2019-09-01,일반상환학자금_등록금,0,0
2019-09-01,일반상환학자금_생활비,0,0
2019-09-01,취업후상환학자금_등록금,0,0
2019-09-01,취업후상환학자금_생활비,0,0
2019-09-02,일반상환학자금_등록금,0,0
2019-09-02,일반상환학자금_생활비,0,0
2019-09-02,취업후상환학자금_등록금,0,0
2019-09-02,취업후상환학자금_생활비,0,0
2019-09-03,일반상환학자금_등록금,1235,47
2019-09-03,일반상환학자금_생활비,2399,23
2019-09-03,취업후상환학자금_등록금,1355,30
2019-09-03,취업후상환학자금_생활비,7006,60
2019-09-04,일반상환학자금_생활비,1846,18
2019-09-04,취업후상환학자금_생활비,4884,42
2019-09-04,취업후상환학자금_등록금,1205,29
2019-09-04,일반상환학자금_등록금,1154,40
2019-09-05,일반상환학자금_등록금,1475,51
2019-09-05,취업후상환학자금_생활비,4159,36
2019-09-05,일반상환학자금_생활비,1662,17
2019-09-05,취업후상환학자금_등록금,1264,29
2019-09-06,취업후상환학자금_생활비,3584,30
2019-09-06,일반상환학자금_등록금,1531,55
2019-09-06,일반상환학자금_생활비,1524,15
2019-09-06,취업후상환학자금_등록금,1186,27
2019-09-07,취업후상환학자금_생활비,3756,30
2019-09-07,취업후상환학자금_등록금,982,22
2019-09-07,일반상환학자금_등록금,1251,45
2019-09-07,일반상환학자금_생활비,1495,14
2019-09-08,일반상환학자금_등록금,0,0
2019-09-08,일반상환학자금_생활비,0,0
2019-09-08,취업후상환학자금_등록금,0,0
2019-09-08,취업후상환학자금_생활비,0,0
2019-09-09,일반상환학자금_등록금,0,0
2019-09-09,일반상환학자금_생활비,0,0
2019-09-09,취업후상환학자금_등록금,0,0
2019-09-09,취업후상환학자금_생활비,0,0
2019-09-10,일반상환학자금_등록금,783,28
2019-09-10,일반상환학자금_생활비,1477,14
2019-09-10,취업후상환학자금_등록금,750,16
2019-09-10,취업후상환학자금_생활비,3558,28
2019-09-11,취업후상환학자금_등록금,1276,29
2019-09-11,취업후상환학자금_생활비,3164,27
2019-09-11,일반상환학자금_생활비,1527,15
2019-09-11,일반상환학자금_등록금,1552,55
2019-09-12,일반상환학자금_등록금,1069,40
2019-09-12,일반상환학자금_생활비,1329,13
2019-09-12,취업후상환학자금_등록금,898,22
2019-09-12,취업후상환학자금_생활비,2968,24
2019-09-13,취업후상환학자금_생활비,0,0
2019-09-13,취업후상환학자금_등록금,0,0
2019-09-13,일반상환학자금_생활비,0,0
2019-09-13,일반상환학자금_등록금,0,0
2019-09-14,일반상환학자금_등록금,0,0
2019-09-14,일반상환학자금_생활비,0,0
2019-09-14,취업후상환학자금_등록금,0,0
2019-09-14,취업후상환학자금_생활비,0,0
2019-09-15,일반상환학자금_등록금,0,0
2019-09-15,일반상환학자금_생활비,0,0
2019-09-15,취업후상환학자금_등록금,0,0
2019-09-15,취업후상환학자금_생활비,0,0
2019-09-16,취업후상환학자금_생활비,0,0
2019-09-16,취업후상환학자금_등록금,0,0
2019-09-16,일반상환학자금_등록금,0,0
2019-09-16,일반상환학자금_생활비,0,0
2019-09-17,취업후상환학자금_등록금,1257,29
2019-09-17,일반상환학자금_생활비,1473,15
2019-09-17,일반상환학자금_등록금,1334,47
2019-09-17,취업후상환학자금_생활비,3515,30
2019-09-18,일반상환학자금_등록금,1109,39
2019-09-18,취업후상환학자금_생활비,2654,23
2019-09-18,취업후상환학자금_등록금,1021,23
2019-09-18,일반상환학자금_생활비,1244,12
2019-09-19,일반상환학자금_생활비,1056,10
2019-09-19,취업후상환학자금_등록금,823,19
2019-09-19,취업후상환학자금_생활비,2309,19
2019-09-19,일반상환학자금_등록금,852,27
2019-09-20,일반상환학자금_등록금,749,26
2019-09-20,일반상환학자금_생활비,916,9
2019-09-20,취업후상환학자금_등록금,810,19
2019-09-20,취업후상환학자금_생활비,2236,18
2019-09-21,취업후상환학자금_생활비,2818,22
2019-09-21,취업후상환학자금_등록금,692,17
2019-09-21,일반상환학자금_등록금,634,22
2019-09-21,일반상환학자금_생활비,1101,10
2019-09-22,취업후상환학자금_생활비,0,0
2019-09-22,취업후상환학자금_등록금,0,0
2019-09-22,일반상환학자금_생활비,0,0
2019-09-22,일반상환학자금_등록금,0,0
2019-09-23,취업후상환학자금_생활비,0,0
2019-09-23,취업후상환학자금_등록금,0,0
2019-09-23,일반상환학자금_생활비,0,0
2019-09-23,일반상환학자금_등록금,0,0
2019-09-24,일반상환학자금_등록금,312,11
2019-09-24,취업후상환학자금_생활비,2892,21
2019-09-24,일반상환학자금_생활비,962,8
2019-09-24,취업후상환학자금_등록금,488,11
2019-09-25,일반상환학자금_등록금,479,14
2019-09-25,일반상환학자금_생활비,920,8
2019-09-25,취업후상환학자금_등록금,631,15
2019-09-25,취업후상환학자금_생활비,2382,18
2019-09-26,취업후상환학자금_등록금,591,15
2019-09-26,일반상환학자금_생활비,863,8
2019-09-26,일반상환학자금_등록금,450,14
2019-09-26,취업후상환학자금_생활비,2236,18
2019-09-27,일반상환학자금_등록금,422,13
2019-09-27,일반상환학자금_생활비,813,8
2019-09-27,취업후상환학자금_생활비,2123,16
2019-09-27,취업후상환학자금_등록금,553,13
2019-09-28,취업후상환학자금_생활비,2562,18
2019-09-28,취업후상환학자금_등록금,525,13
2019-09-28,일반상환학자금_생활비,895,8
2019-09-28,일반상환학자금_등록금,426,14
2019-09-29,취업후상환학자금_생활비,0,0
2019-09-29,취업후상환학자금_등록금,0,0
2019-09-29,일반상환학자금_생활비,0,0
2019-09-29,일반상환학자금_등록금,0,0
2019-09-30,일반상환학자금_등록금,0,0
2019-09-30,취업후상환학자금_생활비,0,0
2019-09-30,취업후상환학자금_등록금,0,0
2019-09-30,일반상환학자금_생활비,0,0
2019-10-01,일반상환학자금_등록금,173,6
2019-10-01,일반상환학자금_생활비,841,7
2019-10-01,취업후상환학자금_등록금,288,7
2019-10-01,취업후상환학자금_생활비,2654,19
2019-10-02,일반상환학자금_등록금,94,3
2019-10-02,일반상환학자금_생활비,840,7
2019-10-02,취업후상환학자금_등록금,235,6
2019-10-02,취업후상환학자금_생활비,2177,17
2019-10-03,취업후상환학자금_등록금,161,5
2019-10-03,취업후상환학자금_생활비,1896,14
2019-10-03,일반상환학자금_생활비,598,5
2019-10-03,일반상환학자금_등록금,65,2
2019-10-04,취업후상환학자금_생활비,0,0
2019-10-04,취업후상환학자금_등록금,0,0
2019-10-04,일반상환학자금_생활비,0,0
2019-10-04,일반상환학자금_등록금,0,0
2019-10-05,취업후상환학자금_생활비,2796,19
2019-10-05,취업후상환학자금_등록금,205,6
2019-10-05,일반상환학자금_생활비,872,7
2019-10-05,일반상환학자금_등록금,81,2
2019-10-06,취업후상환학자금_등록금,0,0
2019-10-06,취업후상환학자금_생활비,0,0
2019-10-06,일반상환학자금_생활비,0,0
2019-10-06,일반상환학자금_등록금,0,0
2019-10-07,일반상환학자금_등록금,0,0
2019-10-07,일반상환학자금_생활비,0,0
2019-10-07,취업후상환학자금_등록금,0,0
2019-10-07,취업후상환학자금_생활비,0,0
2019-10-08,취업후상환학자금_생활비,2432,18
2019-10-08,취업후상환학자금_등록금,155,4
2019-10-08,일반상환학자금_등록금,57,2
2019-10-08,일반상환학자금_생활비,799,7
2019-10-09,일반상환학자금_생활비,691,6
2019-10-09,취업후상환학자금_등록금,124,3
2019-10-09,취업후상환학자금_생활비,2015,15
2019-10-09,일반상환학자금_등록금,84,3
2019-10-10,취업후상환학자금_생활비,0,0
2019-10-10,취업후상환학자금_등록금,0,0
2019-10-10,일반상환학자금_등록금,0,0
2019-10-10,일반상환학자금_생활비,0,0
2019-10-11,일반상환학자금_등록금,79,2
2019-10-11,취업후상환학자금_등록금,96,3
2019-10-11,일반상환학자금_생활비,729,6
2019-10-11,취업후상환학자금_생활비,2089,15
2019-10-12,일반상환학자금_등록금,90,3
2019-10-12,일반상환학자금_생활비,683,6
2019-10-12,취업후상환학자금_등록금,114,3
2019-10-12,취업후상환학자금_생활비,2239,16
2019-10-13,취업후상환학자금_등록금,0,0
2019-10-13,일반상환학자금_생활비,0,0
2019-10-13,일반상환학자금_등록금,0,0
2019-10-13,취업후상환학자금_생활비,0,0
2019-10-14,일반상환학자금_등록금,0,0
2019-10-14,일반상환학자금_생활비,0,0
2019-10-14,취업후상환학자금_생활비,0,0
2019-10-14,취업후상환학자금_등록금,0,0
2019-10-15,취업후상환학자금_등록금,108,3
2019-10-15,일반상환학자금_등록금,84,2
2019-10-15,일반상환학자금_생활비,715,6
2019-10-15,취업후상환학자금_생활비,2021,15
2019-10-16,일반상환학자금_등록금,90,2
2019-10-16,일반상환학자금_생활비,621,5
2019-10-16,취업후상환학자금_생활비,1544,12
2019-10-16,취업후상환학자금_등록금,119,3
2019-10-17,일반상환학자금_생활비,498,4
2019-10-17,취업후상환학자금_생활비,1404,10
2019-10-17,취업후상환학자금_등록금,102,2
2019-10-17,일반상환학자금_등록금,81,2
2019-10-18,일반상환학자금_등록금,106,2
2019-10-18,취업후상환학자금_생활비,1405,10
2019-10-18,취업후상환학자금_등록금,116,3
2019-10-18,일반상환학자금_생활비,494,4
2019-10-19,취업후상환학자금_생활비,2176,18
2019-10-19,취업후상환학자금_등록금,186,5
2019-10-19,일반상환학자금_생활비,853,8
2019-10-19,일반상환학자금_등록금,102,3
2019-10-20,일반상환학자금_등록금,0,0
2019-10-20,일반상환학자금_생활비,0,0
2019-10-20,취업후상환학자금_생활비,0,0
2019-10-20,취업후상환학자금_등록금,0,0
2019-10-21,일반상환학자금_등록금,0,0
2019-10-21,취업후상환학자금_등록금,0,0
2019-10-21,일반상환학자금_생활비,0,0
2019-10-21,취업후상환학자금_생활비,0,0
2019-10-22,일반상환학자금_등록금,3,0
2019-10-22,일반상환학자금_생활비,1148,12
2019-10-22,취업후상환학자금_등록금,47,1
2019-10-22,취업후상환학자금_생활비,1864,14
2019-10-23,취업후상환학자금_생활비,1451,11
2019-10-23,취업후상환학자금_등록금,74,2
2019-10-23,일반상환학자금_등록금,8,0
2019-10-23,일반상환학자금_생활비,710,7
2019-10-24,취업후상환학자금_등록금,53,2
2019-10-24,취업후상환학자금_생활비,1410,10
2019-10-24,일반상환학자금_생활비,566,5
2019-10-24,일반상환학자금_등록금,13,0
2019-10-25,취업후상환학자금_생활비,1338,9
2019-10-25,일반상환학자금_등록금,14,0
2019-10-25,일반상환학자금_생활비,487,4
2019-10-25,취업후상환학자금_등록금,60,2
2019-10-26,취업후상환학자금_생활비,1757,12
2019-10-26,일반상환학자금_등록금,13,0
2019-10-26,취업후상환학자금_등록금,56,1
2019-10-26,일반상환학자금_생활비,646,5
2019-10-27,취업후상환학자금_생활비,0,0
2019-10-27,취업후상환학자금_등록금,0,0
2019-10-27,일반상환학자금_등록금,0,0
2019-10-27,일반상환학자금_생활비,0,0
2019-10-28,취업후상환학자금_등록금,0,0
2019-10-28,일반상환학자금_생활비,0,0
2019-10-28,일반상환학자금_등록금,0,0
2019-10-28,취업후상환학자금_생활비,0,0
2019-10-29,취업후상환학자금_생활비,1785,13
2019-10-29,일반상환학자금_등록금,1,0
2019-10-29,일반상환학자금_생활비,634,5
2019-10-29,취업후상환학자금_등록금,45,1
2019-10-30,취업후상환학자금_등록금,43,1
2019-10-30,일반상환학자금_생활비,586,5
2019-10-30,일반상환학자금_등록금,5,0
2019-10-30,취업후상환학자금_생활비,1492,11
2019-10-31,취업후상환학자금_등록금,44,1
2019-10-31,일반상환학자금_생활비,497,4
2019-10-31,일반상환학자금_등록금,2,0
2019-10-31,취업후상환학자금_생활비,1394,10
2019-11-01,취업후상환학자금_생활비,1366,10
2019-11-01,취업후상환학자금_등록금,36,1
2019-11-01,일반상환학자금_생활비,480,4
2019-11-01,일반상환학자금_등록금,1,0
2019-11-02,일반상환학자금_생활비,587,5
2019-11-02,일반상환학자금_등록금,4,0
2019-11-02,취업후상환학자금_등록금,37,1
2019-11-02,취업후상환학자금_생활비,1639,12
2019-11-03,취업후상환학자금_생활비,0,0
2019-11-03,취업후상환학자금_등록금,0,0
2019-11-03,일반상환학자금_생활비,0,0
2019-11-03,일반상환학자금_등록금,0,0
2019-11-04,일반상환학자금_생활비,0,0
2019-11-04,일반상환학자금_등록금,0,0
2019-11-04,취업후상환학자금_등록금,0,0
2019-11-04,취업후상환학자금_생활비,0,0
2019-11-05,취업후상환학자금_생활비,1684,13
2019-11-05,취업후상환학자금_등록금,37,1
2019-11-05,일반상환학자금_생활비,561,5
2019-11-05,일반상환학자금_등록금,8,0
2019-11-06,취업후상환학자금_생활비,1432,11
2019-11-06,취업후상환학자금_등록금,34,1
2019-11-06,일반상환학자금_생활비,541,5
2019-11-06,일반상환학자금_등록금,15,0
2019-11-07,취업후상환학자금_등록금,34,1
2019-11-07,취업후상환학자금_생활비,1366,11
2019-11-07,일반상환학자금_생활비,497,5
2019-11-07,일반상환학자금_등록금,8,0
2019-11-08,일반상환학자금_등록금,5,0
2019-11-08,일반상환학자금_생활비,472,4
2019-11-08,취업후상환학자금_등록금,36,1
2019-11-08,취업후상환학자금_생활비,1283,10
2019-11-09,취업후상환학자금_생활비,1570,12
2019-11-09,취업후상환학자금_등록금,35,1
2019-11-09,일반상환학자금_생활비,552,5
2019-11-09,일반상환학자금_등록금,12,0
2019-11-11,일반상환학자금_등록금,0,0
2019-11-11,일반상환학자금_생활비,0,0
2019-11-11,취업후상환학자금_등록금,0,0
2019-11-11,취업후상환학자금_생활비,0,0
2019-11-12,일반상환학자금_등록금,15,0
2019-11-12,일반상환학자금_생활비,677,6
2019-11-12,취업후상환학자금_등록금,32,1
2019-11-12,취업후상환학자금_생활비,1863,15
2019-11-13,일반상환학자금_등록금,9,0
2019-11-13,일반상환학자금_생활비,715,7
2019-11-13,취업후상환학자금_등록금,36,1
2019-11-13,취업후상환학자금_생활비,1657,14
2019-11-14,일반상환학자금_등록금,28,0
2019-11-14,일반상환학자금_생활비,738,7
2019-11-14,취업후상환학자금_생활비,1811,16
2019-11-14,취업후상환학자금_등록금,49,1
2019-11-15,취업후상환학자금_등록금,57,1
2019-11-15,일반상환학자금_등록금,30,0
2019-11-15,일반상환학자금_생활비,916,9
2019-11-15,취업후상환학자금_생활비,2235,20
2019-11-16,취업후상환학자금_등록금,80,2
2019-11-16,일반상환학자금_생활비,636,6
2019-11-16,일반상환학자금_등록금,25,0
2019-11-16,취업후상환학자금_생활비,1630,13
2019-11-17,취업후상환학자금_생활비,0,0
2019-11-17,취업후상환학자금_등록금,0,0
2019-11-17,일반상환학자금_등록금,0,0
2019-11-17,일반상환학자금_생활비,0,0
2019-11-18,일반상환학자금_등록금,0,0
2019-11-18,일반상환학자금_생활비,0,0
2019-11-18,취업후상환학자금_등록금,0,0
2019-11-18,취업후상환학자금_생활비,0,0
2019-11-19,취업후상환학자금_등록금,0,0
2019-11-19,일반상환학자금_생활비,0,0
2019-11-19,일반상환학자금_등록금,0,0
2019-11-19,취업후상환학자금_생활비,0,0
2019-11-20,취업후상환학자금_등록금,0,0
2019-11-20,일반상환학자금_생활비,0,0
2019-11-20,일반상환학자금_등록금,0,0
2019-11-20,취업후상환학자금_생활비,0,0
2019-11-21,일반상환학자금_등록금,0,0
2019-11-21,일반상환학자금_생활비,0,0
2019-11-21,취업후상환학자금_등록금,0,0
2019-11-21,취업후상환학자금_생활비,0,0
2019-11-22,취업후상환학자금_생활비,0,0
2019-11-22,일반상환학자금_등록금,0,0
2019-11-22,취업후상환학자금_등록금,0,0
2019-11-22,일반상환학자금_생활비,0,0
2019-11-23,일반상환학자금_등록금,0,0
2019-11-23,일반상환학자금_생활비,0,0
2019-11-23,취업후상환학자금_등록금,0,0
2019-11-23,취업후상환학자금_생활비,0,0
2019-11-24,취업후상환학자금_생활비,0,0
2019-11-24,취업후상환학자금_등록금,0,0
2019-11-24,일반상환학자금_등록금,0,0
2019-11-24,일반상환학자금_생활비,0,0
2019-11-25,취업후상환학자금_등록금,0,0
2019-11-25,일반상환학자금_생활비,0,0
2019-11-25,일반상환학자금_등록금,0,0
2019-11-25,취업후상환학자금_생활비,0,0
2019-11-26,취업후상환학자금_생활비,0,0
2019-11-26,취업후상환학자금_등록금,0,0
2019-11-26,일반상환학자금_생활비,0,0
2019-11-26,일반상환학자금_등록금,0,0
2019-11-27,일반상환학자금_등록금,0,0
2019-11-27,일반상환학자금_생활비,0,0
2019-11-27,취업후상환학자금_등록금,0,0
2019-11-27,취업후상환학자금_생활비,0,0
2019-11-28,취업후상환학자금_생활비,0,0
2019-11-28,일반상환학자금_등록금,0,0
2019-11-28,일반상환학자금_생활비,0,0
2019-11-28,취업후상환학자금_등록금,0,0
2019-11-29,취업후상환학자금_등록금,0,0
2019-11-29,일반상환학자금_생활비,0,0
2019-11-29,일반상환학자금_등록금,0,0
2019-11-29,취업후상환학자금_생활비,0,0
2019-11-30,취업후상환학자금_생활비,0,0
2019-11-30,취업후상환학자금_등록금,0,0
2019-11-30,일반상환학자금_등록금,0,0
2019-11-30,일반상환학자금_생활비,0,0
2019-12-01,취업후상환학자금_등록금,0,0
2019-12-01,일반상환학자금_등록금,0,0
2019-12-01,일반상환학자금_생활비,0,0
2019-12-01,취업후상환학자금_생활비,0,0
2019-12-02,일반상환학자금_등록금,0,0
2019-12-02,취업후상환학자금_생활비,0,0
2019-12-02,일반상환학자금_생활비,0,0
2019-12-02,취업후상환학자금_등록금,0,0
2019-12-03,취업후상환학자금_생활비,0,0
2019-12-03,취업후상환학자금_등록금,0,0
2019-12-03,일반상환학자금_생활비,0,0
2019-12-03,일반상환학자금_등록금,0,0
2019-12-04,일반상환학자금_생활비,0,0
2019-12-04,취업후상환학자금_생활비,0,0
2019-12-04,취업후상환학자금_등록금,0,0
2019-12-04,일반상환학자금_등록금,0,0
2019-12-05,일반상환학자금_등록금,0,0
2019-12-05,취업후상환학자금_생활비,0,0
2019-12-05,일반상환학자금_생활비,0,0
2019-12-05,취업후상환학자금_등록금,0,0
2019-12-06,일반상환학자금_생활비,0,0
2019-12-06,일반상환학자금_등록금,0,0
2019-12-06,취업후상환학자금_등록금,0,0
2019-12-06,취업후상환학자금_생활비,0,0
2019-12-07,취업후상환학자금_등록금,0,0
2019-12-07,일반상환학자금_등록금,0,0
2019-12-07,일반상환학자금_생활비,0,0
2019-12-07,취업후상환학자금_생활비,0,0
2019-12-08,취업후상환학자금_생활비,0,0
2019-12-08,취업후상환학자금_등록금,0,0
2019-12-08,일반상환학자금_생활비,0,0
2019-12-08,일반상환학자금_등록금,0,0
2019-12-09,취업후상환학자금_생활비,0,0
2019-12-09,일반상환학자금_등록금,0,0
2019-12-09,취업후상환학자금_등록금,0,0
2019-12-09,일반상환학자금_생활비,0,0
2019-12-10,취업후상환학자금_생활비,0,0
2019-12-10,취업후상환학자금_등록금,0,0
2019-12-10,일반상환학자금_생활비,0,0
2019-12-10,일반상환학자금_등록금,0,0
2019-12-11,일반상환학자금_등록금,0,0
2019-12-11,일반상환학자금_생활비,0,0
2019-12-11,취업후상환학자금_등록금,0,0
2019-12-11,취업후상환학자금_생활비,0,0
2019-12-12,취업후상환학자금_생활비,0,0
2019-12-12,취업후상환학자금_등록금,0,0
2019-12-12,일반상환학자금_등록금,0,0
2019-12-12,일반상환학자금_생활비,0,0
2019-12-13,일반상환학자금_등록금,0,0
2019-12-13,일반상환학자금_생활비,0,0
2019-12-13,취업후상환학자금_등록금,0,0
2019-12-13,취업후상환학자금_생활비,0,0
2019-12-14,일반상환학자금_등록금,0,0
2019-12-14,일반상환학자금_생활비,0,0
2019-12-14,취업후상환학자금_등록금,0,0
2019-12-14,취업후상환학자금_생활비,0,0
2019-12-15,일반상환학자금_생활비,0,0
2019-12-15,취업후상환학자금_생활비,0,0
2019-12-15,취업후상환학자금_등록금,0,0
2019-12-15,일반상환학자금_등록금,0,0
2019-12-16,일반상환학자금_등록금,0,0
2019-12-16,취업후상환학자금_생활비,0,0
2019-12-16,취업후상환학자금_등록금,0,0
2019-12-16,일반상환학자금_생활비,0,0
2019-12-17,취업후상환학자금_등록금,0,0
2019-12-17,취업후상환학자금_생활비,0,0
2019-12-17,일반상환학자금_생활비,0,0
2019-12-17,일반상환학자금_등록금,0,0
2019-12-18,취업후상환학자금_생활비,0,0
2019-12-18,취업후상환학자금_등록금,0,0
2019-12-18,일반상환학자금_생활비,0,0
2019-12-18,일반상환학자금_등록금,0,0
2019-12-19,일반상환학자금_등록금,0,0
2019-12-19,일반상환학자금_생활비,0,0
2019-12-19,취업후상환학자금_등록금,0,0
2019-12-19,취업후상환학자금_생활비,0,0
2019-12-20,일반상환학자금_생활비,0,0
2019-12-20,취업후상환학자금_생활비,0,0
2019-12-20,취업후상환학자금_등록금,0,0
2019-12-20,일반상환학자금_등록금,0,0
2019-12-21,취업후상환학자금_생활비,0,0
2019-12-21,취업후상환학자금_등록금,0,0
2019-12-21,일반상환학자금_생활비,0,0
2019-12-21,일반상환학자금_등록금,0,0
2019-12-22,일반상환학자금_등록금,0,0
2019-12-22,일반상환학자금_생활비,0,0
2019-12-22,취업후상환학자금_생활비,0,0
2019-12-22,취업후상환학자금_등록금,0,0
2019-12-23,일반상환학자금_등록금,0,0
2019-12-23,취업후상환학자금_등록금,0,0
2019-12-23,일반상환학자금_생활비,0,0
2019-12-23,취업후상환학자금_생활비,0,0
2019-12-24,일반상환학자금_등록금,0,0
2019-12-24,일반상환학자금_생활비,0,0
2019-12-24,취업후상환학자금_등록금,0,0
2019-12-24,취업후상환학자금_생활비,0,0
2019-12-25,취업후상환학자금_생활비,0,0
2019-12-25,취업후상환학자금_등록금,0,0
2019-12-25,일반상환학자금_등록금,0,0
2019-12-25,일반상환학자금_생활비,0,0
2019-12-26,일반상환학자금_등록금,0,0
2019-12-26,일반상환학자금_생활비,0,0
2019-12-26,취업후상환학자금_등록금,0,0
2019-12-26,취업후상환학자금_생활비,0,0
2019-12-27,일반상환학자금_등록금,0,0
2019-12-27,일반상환학자금_생활비,0,0
2019-12-27,취업후상환학자금_생활비,0,0
2019-12-27,취업후상환학자금_등록금,0,0
2019-12-28,일반상환학자금_등록금,0,0
2019-12-28,취업후상환학자금_등록금,0,0
2019-12-28,일반상환학자금_생활비,0,0
2019-12-28,취업후상환학자금_생활비,0,0
2019-12-29,일반상환학자금_등록금,0,0
2019-12-29,일반상환학자금_생활비,0,0
2019-12-29,취업후상환학자금_등록금,0,0
2019-12-29,취업후상환학자금_생활비,0,0
2019-12-30,일반상환학자금_등록금,0,0
2019-12-30,일반상환학자금_생활비,0,0
2019-12-30,취업후상환학자금_등록금,0,0
2019-12-30,취업후상환학자금_생활비,0,0
2019-12-31,일반상환학자금_등록금,0,0
2019-12-31,일반상환학자금_생활비,0,0
2019-12-31,취업후상환학자금_등록금,0,0
2019-12-31,취업후상환학자금_생활비,0,0
